<?xml version="1.0" encoding="UTF-8"?>
<!DOCTYPE mapper PUBLIC "-//mybatis.org//DTD Mapper3.0//EN" "http://mybatis.org/dtd/mybatis-3-mapper.dtd">
<mapper namespace="data.mapper.MemberMapper">

	<insert id="insertMember" parameterType="member">
		insert into member (id, name, pass,email,hp,addr,gaipday) 
		values (#{id},#{name},#{pass}, #{email},#{hp},#{addr},now())
	</insert>
	
	<select id="getAllMembers" resultType="member">
		select *from member order by num desc
	</select>
	
	<select id="getName" parameterType="String" resultType="String">
		select name from member where id=#{id}
	</select>
	
	<select id="loginCheck" parameterType="Map" resultType="int">
		select count(*) from member where id=#{id} and pass=#{pass}
	</select>
	
	<delete id="deleteMember" parameterType="int">
		delete from member where num=#{num}
	</delete>
	
	<select id="idCheck" parameterType="String" resultType="int">
		select count(*) from member where id=#{id}
	</select>
	
</mapper>