<?xml version="1.0" encoding="UTF-8"?>
<!DOCTYPE mapper PUBLIC "-//mybatis.org//DTD Mapper3.0//EN" "http://mybatis.org/dtd/mybatis-3-mapper.dtd">
<mapper namespace="data.mapper.ShopMapper">


	<insert id="insertShop" parameterType="shop"> <!-- 전달받은 파라이터 데이터 타입 지정 (선택적) -->
		insert into shop (sangpum, 	photo, su, dan, ipgoday)
		values (#{sangpum},#{photo},#{su},#{dan},now())
	</insert>
	<select id="getShopDatas" resultType="shop"> <!-- 조회 결과 값을 저장하기 위한 데이터 타입(데이터 하나에 대한 타입 지정) -->
		select * from shop order by dan asc
	</select>
	<select id="getData" parameterType="int" resultType="shop">
		select * from shop where num=#{num}
	</select>
	<delete id="deleteShop" parameterType="int">
		delete from shop where num=#{num}
	</delete>
	<update id="updateShop" parameterType="shop">
		update shop set sangpum=#{sangpum}, su=#{su}, dan=#{dan}
		<if test="photo!=null">
			,photo=#{photo}
		</if>
			where num=#{num}
	</update>
</mapper>